From;Interval
17/06/2017;jun 20 - jun 26 2017
17/06/2017;jun 20 - jun 26 2017
17/06/2017;jun 20 - jun 26 2017
17/06/2017;jun 20 - jun 26 2017
17/06/2017;jun 20 - jun 26 2017
17/06/2017;jun 20 - jun 26 2017
17/06/2017;jun 20 - jun 26 2017
17/06/2017;jun 27 - jul 03 2017
17/06/2017;jun 27 - jul 03 2017
17/06/2017;jun 27 - jul 03 2017
17/06/2017;jun 27 - jul 03 2017
17/07/2017;jun 27 - jul 03 2017
17/07/2017;jun 27 - jul 03 2017
17/07/2017;jun 27 - jul 03 2017
17/07/2017;jul 04 - jul 10 2017
17/07/2017;jul 04 - jul 10 2017
17/07/2017;jul 04 - jul 10 2017
17/07/2017;jul 04 - jul 10 2017
17/07/2017;jul 04 - jul 10 2017
17/07/2017;jul 04 - jul 10 2017
17/07/2017;jul 04 - jul 10 2017
17/07/2017;jul 11 - jul 17 2017
17/07/2017;jul 11 - jul 17 2017
17/07/2017;jul 11 - jul 17 2017
17/07/2017;jul 11 - jul 17 2017
17/07/2017;jul 11 - jul 17 2017
17/07/2017;jul 11 - jul 17 2017
17/07/2017;jul 11 - jul 17 2017
17/07/2017;jul 18 - jul 24 2017
17/07/2017;jul 18 - jul 24 2017
17/07/2017;jul 18 - jul 24 2017
17/07/2017;jul 18 - jul 24 2017
17/07/2017;jul 18 - jul 24 2017
17/07/2017;jul 18 - jul 24 2017
17/07/2017;jul 18 - jul 24 2017
17/07/2017;jul 25 - jul 31 2017
17/07/2017;jul 25 - jul 31 2017
17/07/2017;jul 25 - jul 31 2017
17/07/2017;jul 25 - jul 31 2017
17/07/2017;jul 25 - jul 31 2017
17/07/2017;jul 25 - jul 31 2017
17/07/2017;jul 25 - jul 31 2017
17/08/2017;ago 01 - ago 07 2017
17/08/2017;ago 01 - ago 07 2017
17/08/2017;ago 01 - ago 07 2017
17/08/2017;ago 01 - ago 07 2017
17/08/2017;ago 01 - ago 07 2017
17/08/2017;ago 01 - ago 07 2017
17/08/2017;ago 01 - ago 07 2017
17/08/2017;ago 08 - ago 14 2017
17/08/2017;ago 08 - ago 14 2017
17/08/2017;ago 08 - ago 14 2017
17/08/2017;ago 08 - ago 14 2017
17/08/2017;ago 08 - ago 14 2017
17/08/2017;ago 08 - ago 14 2017
17/08/2017;ago 08 - ago 14 2017
17/08/2017;ago 15 - ago 21 2017
17/08/2017;ago 15 - ago 21 2017
17/08/2017;ago 15 - ago 21 2017
17/08/2017;ago 15 - ago 21 2017
17/08/2017;ago 15 - ago 21 2017
